"Target","Evidence"
"AAK1","predicted (union)"
"AASDH","predicted (union)"
"ABCA2","predicted (union)"
"ABCC5","predicted (union)"
"ABCF3","predicted (union)"
"ABCG2","predicted (union)"
"ABHD17A","predicted (intersection) + predicted (union)"
"ABHD17B","predicted (union)"
"ABHD2","predicted (union)"
"ABLIM2","predicted (union)"
"ACAA2","predicted (union)"
"ACAD10","predicted (union)"
"ACAP2","predicted (union)"
"ACKR3","predicted (union)"
"ACO1","predicted (intersection) + predicted (union)"
"ACOT11","predicted (intersection) + predicted (union)"
"ACOT9","predicted (union)"
"ACSBG1","predicted (union)"
"ACSF3","predicted (union)"
"ACVR2B","predicted (intersection) + predicted (union)"
"ADAM11","predicted (union)"
"ADAM19","predicted (union)"
"ADAMTS5","predicted (union)"
"ADAP1","predicted (union)"
"ADARB2","predicted (union)"
"ADAT1","predicted (union)"
"ADAT2","predicted (union)"
"ADAT3","predicted (union)"
"ADCK1","predicted (union)"
"ADCY1","predicted (intersection) + predicted (union)"
"ADCY9","experimental (all)"
"ADGRE2","predicted (intersection) + predicted (union)"
"ADGRG6","experimental (all)"
"ADH1B","predicted (union)"
"ADO","experimental (all)"
"AFAP1L1","predicted (union)"
"AGAP1","predicted (union)"
"AGBL5","predicted (union)"
"AGFG2","predicted (union)"
"AGO1","experimental (all)"
"AGO2","experimental (strong) + experimental (all) + predicted (intersection) + predicted (union)"
"AGPAT4","predicted (union)"
"AGTPBP1","predicted (union)"
"AHR","predicted (union)"
"AIFM2","predicted (union)"
"AIG1","predicted (union)"
"AIPL1","predicted (union)"
"AK4","predicted (union)"
"AKAP1","predicted (intersection) + predicted (union)"
"AKAP13","predicted (union)"
"AKAP2","experimental (all) + predicted (union)"
"AKR7A2","predicted (union)"
"AKT1","experimental (strong) + experimental (all)"
"ALDH3B2","predicted (union)"
"ALG13","predicted (intersection) + predicted (union)"
"ALG14","predicted (union)"
"ALKBH2","predicted (union)"
"ALS2","predicted (union)"
"ALS2CL","predicted (union)"
"AMER3","predicted (union)"
"AMMECR1","predicted (union)"
"AMN","predicted (intersection) + predicted (union)"
"ANGPT2","predicted (union)"
"ANGPT4","predicted (union)"
"ANKIB1","predicted (union)"
"ANKLE1","predicted (union)"
"ANKRD28","predicted (intersection) + predicted (union)"
"ANKRD33B","predicted (union)"
"ANKRD49","predicted (union)"
"ANKRD52","predicted (union)"
"ANKRD63","predicted (union)"
"ANKS6","predicted (union)"
"ANP32E","predicted (union)"
"ANTXR1","predicted (union)"
"AOPEP","predicted (union)"
"AP1AR","predicted (intersection) + predicted (union)"
"AP1M1","predicted (union)"
"AP1S1","predicted (union)"
"AP2B1","experimental (all)"
"AP5B1","predicted (union)"
"APBA1","predicted (union)"
"APBA3","predicted (union)"
"APCDD1","predicted (union)"
"APEX1","experimental (all)"
"API5","predicted (union)"
"APOA1","predicted (intersection) + predicted (union)"
"APOBEC3F","predicted (union)"
"APOC3","predicted (intersection) + predicted (union)"
"APOL2","predicted (union)"
"AR","predicted (union)"
"ARFGEF1","predicted (union)"
"ARHGEF7","predicted (union)"
"ARID3A","predicted (intersection) + predicted (union)"
"ARID3B","predicted (intersection) + predicted (union)"
"ARL4D","predicted (union)"
"ARRB1","predicted (union)"
"ARSD","predicted (union)"
"ART5","predicted (union)"
"ASB6","predicted (union)"
"ASB7","predicted (union)"
"ATF7IP2","predicted (union)"
"ATP10B","predicted (union)"
"ATP11A","predicted (union)"
"ATP11C","predicted (intersection) + predicted (union)"
"ATP1A1","experimental (all)"
"ATP1A2","predicted (union)"
"ATP2B1","predicted (union)"
"ATP2B4","predicted (union)"
"ATP5F1E","experimental (all)"
"ATP5PB","predicted (union)"
"ATP6AP1","predicted (union)"
"ATP6V1C2","predicted (union)"
"ATP7B","predicted (union)"
"AUTS2","predicted (union)"
"AVPR1B","predicted (union)"
"AXIN1","predicted (union)"
"B3GALNT2","predicted (union)"
"B4GALNT1","predicted (union)"
"B4GALNT3","predicted (intersection) + predicted (union)"
"B4GALT7","predicted (union)"
"BACE2","predicted (union)"
"BAG5","predicted (union)"
"BAK1","predicted (union)"
"BAMBI","predicted (union)"
"BAZ2A","predicted (intersection) + predicted (union)"
"BAZ2B","predicted (intersection) + predicted (union)"
"BBX","predicted (union)"
"BCAR1","predicted (union)"
"BCAS4","predicted (union)"
"BCL2","predicted (union)"
"BCL2L13","predicted (union)"
"BCL7C","predicted (union)"
"BDP1","predicted (union)"
"BEND2","predicted (union)"
"BEND6","predicted (intersection) + predicted (union)"
"BID","predicted (union)"
"BLOC1S2","predicted (union)"
"BLOC1S4","predicted (intersection) + predicted (union)"
"BMF","predicted (union)"
"BMP2","predicted (union)"
"BMPR2","predicted (union)"
"BNC2","predicted (union)"
"BOC","predicted (union)"
"BRCC3","predicted (union)"
"BRD4","predicted (union)"
"BRD7","experimental (all)"
"BRF2","predicted (union)"
"BSG","predicted (union)"
"BTBD9","predicted (union)"
"BTD","predicted (union)"
"BTG3","predicted (union)"
"C11orf42","predicted (union)"
"C11orf49","predicted (union)"
"C12orf45","predicted (union)"
"C12orf66","predicted (union)"
"C14orf28","predicted (union)"
"C16orf54","predicted (union)"
"C19orf38","predicted (union)"
"C1orf109","predicted (union)"
"C1orf115","predicted (union)"
"C1orf116","predicted (union)"
"C1orf198","predicted (union)"
"C20orf194","predicted (intersection) + predicted (union)"
"C2orf72","predicted (union)"
"C3orf67","predicted (intersection) + predicted (union)"
"C3orf80","predicted (union)"
"C4orf3","predicted (union)"
"C4orf33","predicted (union)"
"C5orf22","predicted (intersection) + predicted (union)"
"C6orf120","predicted (union)"
"C7orf26","predicted (union)"
"CACNA1C","predicted (union)"
"CACNA1I","predicted (union)"
"CACNG7","predicted (union)"
"CACNG8","predicted (union)"
"CACTIN","predicted (union)"
"CADM1","predicted (union)"
"CALM2","predicted (union)"
"CAMTA1","predicted (union)"
"CAND2","predicted (intersection) + predicted (union)"
"CAPN13","predicted (union)"
"CAPNS1","experimental (strong) + experimental (all) + predicted (union)"
"CAPZB","predicted (intersection) + predicted (union)"
"CARD9","predicted (union)"
"CASC4","predicted (union)"
"CASK","predicted (union)"
"CASZ1","predicted (union)"
"CATSPER1","predicted (union)"
"CBL","predicted (union)"
"CBWD1","experimental (all)"
"CBX6","predicted (union)"
"CBX7","predicted (union)"
"CCBE1","predicted (union)"
"CCDC113","predicted (union)"
"CCDC115","predicted (union)"
"CCDC117","predicted (union)"
"CCDC124","predicted (union)"
"CCDC134","predicted (union)"
"CCDC3","predicted (union)"
"CCDC6","experimental (all)"
"CCDC77","predicted (union)"
"CCR4","predicted (union)"
"CD14","predicted (union)"
"CD274","predicted (union)"
"CD93","predicted (intersection) + predicted (union)"
"CDC25A","predicted (intersection) + predicted (union)"
"CDC42BPG","predicted (union)"
"CDC42EP4","predicted (union)"
"CDC73","predicted (union)"
"CDCA3","predicted (union)"
"CDH18","predicted (union)"
"CDH6","predicted (union)"
"CDK19","predicted (union)"
"CDK5RAP2","predicted (union)"
"CDK6","predicted (union)"
"CDS2","predicted (union)"
"CDYL2","predicted (intersection) + predicted (union)"
"CELF1","predicted (union)"
"CELSR1","predicted (union)"
"CENPF","predicted (intersection) + predicted (union)"
"CEP104","predicted (union)"
"CEP170B","predicted (intersection) + predicted (union)"
"CEP70","predicted (union)"
"CEP85","predicted (union)"
"CERK","predicted (union)"
"CERS1","experimental (all)"
"CFAP20","predicted (union)"
"CFAP44","predicted (union)"
"CHAF1B","predicted (union)"
"CHERP","predicted (union)"
"CHID1","predicted (union)"
"CHRM2","predicted (union)"
"CHRNB2","predicted (union)"
"CHST3","predicted (union)"
"CHSY1","predicted (union)"
"CIAO3","predicted (union)"
"CKS1B","predicted (intersection) + predicted (union)"
"CLCN6","predicted (intersection) + predicted (union)"
"CLCN7","predicted (union)"
"CLDN11","predicted (intersection) + predicted (union)"
"CLEC16A","predicted (union)"
"CLEC4C","predicted (union)"
"CLIC5","predicted (union)"
"CLIP2","predicted (union)"
"CLK4","predicted (union)"
"CLN8","predicted (union)"
"CLYBL","predicted (intersection) + predicted (union)"
"CMBL","predicted (union)"
"CNBP","predicted (intersection) + predicted (union)"
"CNDP2","predicted (intersection) + predicted (union)"
"CNTNAP5","predicted (union)"
"CNTROB","predicted (union)"
"COG5","predicted (union)"
"COG6","predicted (union)"
"COL26A1","predicted (union)"
"COL4A1","experimental (all) + predicted (union)"
"COMTD1","predicted (union)"
"COPS7B","predicted (union)"
"COQ2","experimental (all) + predicted (union)"
"CORO6","predicted (union)"
"COX10","predicted (union)"
"CPEB2","predicted (union)"
"CPNE5","predicted (intersection) + predicted (union)"
"CPSF2","predicted (union)"
"CREG2","predicted (union)"
"CRIPT","predicted (union)"
"CRLS1","predicted (union)"
"CROCC","predicted (union)"
"CSNK1E","predicted (union)"
"CSTF2","predicted (union)"
"CTC1","experimental (all)"
"CTDSP2","predicted (union)"
"CTDSPL","experimental (strong) + experimental (all) + predicted (intersection) + predicted (union)"
"CTU1","predicted (union)"
"CUEDC1","predicted (union)"
"CUL2","experimental (all)"
"CUL3","experimental (all)"
"CUX1","predicted (union)"
"CXCL16","predicted (intersection) + predicted (union)"
"CXCR5","predicted (union)"
"CXorf56","predicted (union)"
"CYHR1","predicted (union)"
"CYP1A2","predicted (union)"
"CYP20A1","predicted (intersection) + predicted (union)"
"CYP26B1","predicted (intersection) + predicted (union)"
"CYP2C19","predicted (union)"
"CYP2W1","predicted (union)"
"CYTH1","predicted (union)"
"CYYR1","predicted (union)"
"DAPK3","predicted (union)"
"DBN1","predicted (union)"
"DBNDD1","predicted (union)"
"DBNL","predicted (union)"
"DBT","predicted (union)"
"DCAF10","predicted (union)"
"DCAF4","predicted (union)"
"DCAF5","predicted (union)"
"DCUN1D5","predicted (union)"
"DDHD1","experimental (all)"
"DDI2","predicted (union)"
"DDIT4L","predicted (union)"
"DDRGK1","predicted (union)"
"DDX18","experimental (all)"
"DDX19B","predicted (union)"
"DDX3X","experimental (all)"
"DDX4","predicted (union)"
"DDX42","experimental (all)"
"DDX46","experimental (all)"
"DDX49","predicted (union)"
"DELE1","predicted (union)"
"DENR","predicted (union)"
"DESI2","predicted (union)"
"DFFB","predicted (intersection) + predicted (union)"
"DGCR2","predicted (union)"
"DGKH","predicted (union)"
"DGKQ","predicted (union)"
"DHCR24","experimental (all)"
"DHRS13","predicted (union)"
"DHX40","predicted (union)"
"DIAPH1","predicted (union)"
"DIAPH2","predicted (union)"
"DIPK2B","predicted (union)"
"DLD","experimental (all)"
"DLG5","predicted (union)"
"DLX3","predicted (union)"
"DLX4","predicted (union)"
"DMRT1","predicted (union)"
"DNAJA3","experimental (all)"
"DNAJB4","predicted (union)"
"DNAJB6","predicted (union)"
"DNAJB7","predicted (union)"
"DNAJC11","predicted (intersection) + predicted (union)"
"DNAJC15","predicted (union)"
"DNAJC5","predicted (union)"
"DNASE2","predicted (union)"
"DNM3","predicted (union)"
"DOCK11","experimental (all)"
"DOT1L","predicted (union)"
"DPH7","predicted (union)"
"DPM3","predicted (union)"
"DPY19L3","predicted (intersection) + predicted (union)"
"DPY19L4","predicted (union)"
"DUSP1","predicted (intersection) + predicted (union)"
"DUSP4","predicted (union)"
"DUSP9","predicted (union)"
"DUXA","predicted (union)"
"DVL3","predicted (union)"
"DYNC1I1","predicted (union)"
"DYNC1LI2","predicted (union)"
"DYRK1A","predicted (union)"
"DZIP1L","predicted (union)"
"E2F2","predicted (intersection) + predicted (union)"
"E2F7","predicted (union)"
"E4F1","experimental (all)"
"EBF1","predicted (union)"
"ECEL1","predicted (union)"
"EDC3","predicted (union)"
"EDRF1","predicted (union)"
"EEF2K","predicted (intersection) + predicted (union)"
"EFCAB13","predicted (union)"
"EFCAB2","predicted (intersection) + predicted (union)"
"EFNA1","predicted (union)"
"EFNB2","predicted (union)"
"EGR4","predicted (union)"
"EIF2AK2","predicted (union)"
"EIF2B5","predicted (union)"
"EIF2S3","predicted (union)"
"EIF5A","experimental (all)"
"EIF5B","predicted (union)"
"ELAC1","predicted (union)"
"ELF4","predicted (union)"
"ELF5","predicted (union)"
"ELOVL6","predicted (union)"
"ELP2","predicted (intersection) + predicted (union)"
"EME1","predicted (union)"
"EML6","predicted (union)"
"ENTPD5","predicted (intersection) + predicted (union)"
"ENTPD6","predicted (union)"
"EPAS1","predicted (union)"
"EPB41L1","predicted (union)"
"EPC2","predicted (union)"
"EPDR1","predicted (intersection) + predicted (union)"
"EPHA7","predicted (intersection) + predicted (union)"
"EPHX2","predicted (union)"
"EPHX3","predicted (union)"
"EPN2","predicted (union)"
"EPSTI1","predicted (union)"
"ERC1","predicted (union)"
"ERGIC1","predicted (intersection) + predicted (union)"
"ERI1","predicted (union)"
"ESF1","predicted (union)"
"ESR1","predicted (union)"
"ESR2","predicted (union)"
"ETFDH","predicted (intersection) + predicted (union)"
"ETV3","predicted (intersection) + predicted (union)"
"EVI2B","predicted (intersection) + predicted (union)"
"EXOC3","predicted (union)"
"EXOC3-AS1","predicted (union)"
"EXOC4","predicted (union)"
"EXTL3","experimental (all)"
"F11R","predicted (intersection) + predicted (union)"
"FAAP20","predicted (intersection) + predicted (union)"
"FABP2","predicted (union)"
"FAHD1","predicted (union)"
"FAIM2","predicted (union)"
"FAM102A","predicted (union)"
"FAM110D","predicted (union)"
"FAM111A","predicted (union)"
"FAM118A","predicted (union)"
"FAM120AOS","predicted (union)"
"FAM124B","predicted (union)"
"FAM126B","predicted (union)"
"FAM155B","predicted (union)"
"FAM161A","predicted (union)"
"FAM163A","predicted (union)"
"FAM171B","experimental (all)"
"FAM204A","predicted (union)"
"FAM20B","predicted (union)"
"FAM219A","predicted (union)"
"FAM49A","predicted (intersection) + predicted (union)"
"FAM53A","predicted (union)"
"FAM83B","predicted (union)"
"FANCC","predicted (union)"
"FARP1","predicted (union)"
"FASN","predicted (union)"
"FBXL18","predicted (intersection) + predicted (union)"
"FBXL20","predicted (union)"
"FBXL4","predicted (intersection) + predicted (union)"
"FBXO41","predicted (union)"
"FBXW2","predicted (union)"
"FCN2","predicted (union)"
"FCRL2","predicted (union)"
"FDX2","predicted (union)"
"FFAR4","predicted (union)"
"FGF11","predicted (union)"
"FGF17","predicted (union)"
"FGFBP1","predicted (union)"
"FGFR3","experimental (strong) + experimental (all) + predicted (intersection) + predicted (union)"
"FHL1","predicted (union)"
"FIGN","predicted (union)"
"FKBP5","experimental (strong) + experimental (all) + predicted (intersection) + predicted (union)"
"FKRP","predicted (union)"
"FLVCR2","predicted (union)"
"FNBP1","predicted (union)"
"FOSL2","experimental (all) + predicted (intersection) + predicted (union)"
"FOXA1","predicted (union)"
"FOXH1","predicted (union)"
"FOXL2NB","predicted (union)"
"FOXO3","predicted (intersection) + predicted (union)"
"FOXP1","predicted (union)"
"FOXRED2","experimental (all)"
"FRAT1","predicted (union)"
"FRMD1","predicted (union)"
"FRMD6","predicted (union)"
"FRMD8","predicted (union)"
"FRRS1","predicted (union)"
"FSTL4","predicted (union)"
"FUS","predicted (union)"
"FUT1","predicted (union)"
"FUT5","predicted (union)"
"FUT7","predicted (union)"
"FXR1","predicted (union)"
"FZD1","predicted (union)"
"FZD2","predicted (union)"
"FZD5","predicted (intersection) + predicted (union)"
"FZD7","predicted (union)"
"FZD8","predicted (intersection) + predicted (union)"
"G3BP1","predicted (union)"
"G6PC2","predicted (union)"
"G6PC3","predicted (union)"
"GABRA4","predicted (union)"
"GAD2","predicted (union)"
"GAGE1","predicted (union)"
"GALNT11","predicted (union)"
"GALNT15","predicted (union)"
"GAS8","predicted (union)"
"GATA6","predicted (union)"
"GATAD2B","predicted (intersection) + predicted (union)"
"GBP4","predicted (union)"
"GBX2","predicted (intersection) + predicted (union)"
"GCSH","predicted (union)"
"GDE1","experimental (all) + predicted (union)"
"GDF11","predicted (intersection) + predicted (union)"
"GDF6","predicted (union)"
"GDF7","predicted (union)"
"GFM1","predicted (union)"
"GFOD1","predicted (intersection) + predicted (union)"
"GHRHR","predicted (union)"
"GID4","predicted (union)"
"GIMAP6","predicted (union)"
"GIPC3","predicted (union)"
"GIPR","predicted (union)"
"GLB1L","predicted (union)"
"GLG1","predicted (union)"
"GLIPR2","predicted (union)"
"GLRA3","predicted (union)"
"GLUD1","experimental (all)"
"GMEB2","predicted (union)"
"GMPR","predicted (union)"
"GMPS","predicted (intersection) + predicted (union)"
"GNAL","experimental (all)"
"GNAO1","predicted (union)"
"GNB1L","predicted (union)"
"GNE","predicted (union)"
"GNG4","predicted (union)"
"GNL1","predicted (union)"
"GNL3L","predicted (intersection) + predicted (union)"
"GNPTG","predicted (union)"
"GOLGA3","experimental (all) + predicted (intersection) + predicted (union)"
"GOLGA7B","predicted (union)"
"GP6","predicted (union)"
"GPAT4","predicted (union)"
"GPATCH2L","predicted (union)"
"GPI","predicted (union)"
"GPLD1","predicted (union)"
"GPR12","predicted (union)"
"GPR150","predicted (union)"
"GPR157","predicted (union)"
"GPR180","predicted (union)"
"GPR26","predicted (intersection) + predicted (union)"
"GPR55","predicted (intersection) + predicted (union)"
"GPR63","predicted (union)"
"GPRC5A","predicted (intersection) + predicted (union)"
"GPRC5B","predicted (intersection) + predicted (union)"
"GRAMD1B","predicted (union)"
"GRHL1","experimental (all) + predicted (intersection) + predicted (union)"
"GRIK3","predicted (union)"
"GRM6","predicted (union)"
"GRP","predicted (union)"
"GRWD1","predicted (union)"
"GTDC1","predicted (intersection) + predicted (union)"
"GTF2F1","predicted (union)"
"GTF2H1","experimental (all)"
"GTF2H2C","experimental (all)"
"GTF2I","experimental (all)"
"GTF3C1","predicted (union)"
"GTF3C4","predicted (union)"
"GUCY1A1","predicted (intersection) + predicted (union)"
"GUCY1A2","predicted (union)"
"GXYLT1","experimental (all)"
"GZMM","predicted (union)"
"HADHB","experimental (all)"
"HAS2","predicted (union)"
"HBS1L","predicted (union)"
"HCAR1","predicted (union)"
"HCAR3","predicted (union)"
"HDAC2","predicted (intersection) + predicted (union)"
"HDAC3","predicted (union)"
"HDHD2","predicted (union)"
"HDLBP","predicted (union)"
"HEATR3","predicted (union)"
"HECTD1","predicted (intersection) + predicted (union)"
"HENMT1","predicted (union)"
"HES6","predicted (union)"
"HES7","predicted (intersection) + predicted (union)"
"HEXA","predicted (union)"
"HEXB","predicted (union)"
"HEXIM2","predicted (union)"
"HHAT","predicted (union)"
"HHIPL1","predicted (union)"
"HIF3A","predicted (union)"
"HIP1","predicted (intersection) + predicted (union)"
"HIPK2","predicted (union)"
"HIST4H4","predicted (union)"
"HJURP","predicted (union)"
"HLA-DOA","predicted (intersection) + predicted (union)"
"HLCS","predicted (union)"
"HNRNPA0","predicted (union)"
"HNRNPF","predicted (union)"
"HOMEZ","predicted (union)"
"HOXA1","experimental (strong) + experimental (all) + predicted (intersection) + predicted (union)"
"HOXA13","predicted (union)"
"HOXA2","predicted (union)"
"HOXC5","predicted (union)"
"HOXD13","predicted (union)"
"HS1BP3","predicted (union)"
"HS3ST2","predicted (intersection) + predicted (union)"
"HS3ST3B1","predicted (intersection) + predicted (union)"
"HS6ST1","predicted (union)"
"HSD17B13","predicted (intersection) + predicted (union)"
"HSP90B1","predicted (union)"
"HSPA12B","predicted (union)"
"HSPA14","predicted (union)"
"HSPA6","predicted (union)"
"HSPBP1","predicted (union)"
"ICMT","predicted (intersection) + predicted (union)"
"ICOSLG","predicted (union)"
"IER5","predicted (intersection) + predicted (union)"
"IFFO2","predicted (union)"
"IFIT2","predicted (union)"
"IFIT3","experimental (all) + predicted (union)"
"IFNE","predicted (union)"
"IFT22","predicted (union)"
"IFT74","predicted (union)"
"IGF1R","experimental (strong) + experimental (all)"
"IGFN1","predicted (union)"
"IKZF4","predicted (union)"
"IL17D","predicted (union)"
"IL17RA","predicted (union)"
"IL22RA1","predicted (union)"
"IL3RA","predicted (union)"
"IL6R","predicted (union)"
"ILRUN","predicted (union)"
"IMPDH1","predicted (intersection) + predicted (union)"
"IMPG2","predicted (union)"
"INHBB","predicted (union)"
"INKA2","predicted (union)"
"INO80D","predicted (union)"
"INO80E","predicted (union)"
"INPP4A","predicted (union)"
"INPP5E","predicted (union)"
"INSM1","predicted (intersection) + predicted (union)"
"INTS6L","predicted (union)"
"IP6K1","predicted (union)"
"IPPK","predicted (union)"
"IRAK3","predicted (intersection) + predicted (union)"
"IREB2","predicted (intersection) + predicted (union)"
"IRF2BP2","predicted (intersection) + predicted (union)"
"IRF8","predicted (union)"
"ISL2","predicted (intersection) + predicted (union)"
"ISY1-RAB43","predicted (union)"
"ITGA3","predicted (union)"
"ITM2B","experimental (all)"
"ITPK1","predicted (intersection) + predicted (union)"
"ITPRIP","predicted (intersection) + predicted (union)"
"ITSN1","predicted (union)"
"JAGN1","predicted (union)"
"JDP2","predicted (union)"
"JMJD4","predicted (union)"
"JMY","predicted (union)"
"JPH1","experimental (all)"
"JPH3","predicted (union)"
"JPT2","predicted (union)"
"KARS","predicted (union)"
"KBTBD11","predicted (union)"
"KBTBD3","predicted (union)"
"KBTBD8","experimental (all)"
"KCMF1","predicted (union)"
"KCNA7","predicted (union)"
"KCNAB2","predicted (union)"
"KCNG4","predicted (union)"
"KCNJ11","predicted (union)"
"KCNJ5","predicted (union)"
"KCNV1","predicted (union)"
"KCTD10","predicted (intersection) + predicted (union)"
"KCTD15","predicted (union)"
"KDM5A","predicted (union)"
"KDM6B","predicted (intersection) + predicted (union)"
"KIAA1191","predicted (union)"
"KIAA1257","predicted (union)"
"KIAA1549","predicted (union)"
"KIAA1614","predicted (union)"
"KIF1A","predicted (union)"
"KIF1B","predicted (union)"
"KIF3C","predicted (union)"
"KLC1","predicted (union)"
"KLF3","predicted (union)"
"KLF8","predicted (intersection) + predicted (union)"
"KLHL36","predicted (intersection) + predicted (union)"
"KMO","predicted (union)"
"KMT2D","predicted (union)"
"KPNA4","predicted (union)"
"KREMEN1","predicted (union)"
"KRTAP10-1","predicted (union)"
"KRTAP4-9","predicted (intersection) + predicted (union)"
"KSR2","predicted (union)"
"L2HGDH","predicted (union)"
"LAMA5","predicted (intersection) + predicted (union)"
"LEF1","predicted (union)"
"LEPR","predicted (union)"
"LEPROT","predicted (union)"
"LGALS1","predicted (union)"
"LGR6","predicted (union)"
"LHFPL2","predicted (union)"
"LHPP","predicted (intersection) + predicted (union)"
"LIF","predicted (intersection) + predicted (union)"
"LINC01124","predicted (union)"
"LINC02312","predicted (union)"
"LIPH","predicted (union)"
"LMAN2","experimental (all)"
"LMLN","predicted (union)"
"LMO3","predicted (union)"
"LNPEP","predicted (intersection) + predicted (union)"
"LOC100129215","predicted (union)"
"LOC105375614","predicted (union)"
"LPIN2","predicted (union)"
"LPP","predicted (union)"
"LRIG2","predicted (union)"
"LRIG3","experimental (all)"
"LRP2","predicted (union)"
"LRP4","predicted (union)"
"LRPAP1","predicted (union)"
"LRRC31","predicted (union)"
"LRRC32","predicted (union)"
"LRRC8B","predicted (intersection) + predicted (union)"
"LRRFIP1","predicted (union)"
"LRRN1","predicted (union)"
"LSM8","predicted (union)"
"LTBR","predicted (union)"
"LTO1","predicted (union)"
"LUC7L","predicted (union)"
"LURAP1","predicted (intersection) + predicted (union)"
"LYRM4","predicted (union)"
"LYZ","predicted (union)"
"MAATS1","predicted (union)"
"MAGI1","predicted (union)"
"MAK","predicted (union)"
"MAP2K3","predicted (union)"
"MAP2K7","predicted (union)"
"MAP9","predicted (union)"
"MAPK13","predicted (union)"
"MAPK6","experimental (all)"
"MAPKBP1","predicted (union)"
"MAPRE2","predicted (intersection) + predicted (union)"
"MARCH4","predicted (union)"
"MARF1","predicted (union)"
"MARK2","experimental (all)"
"MASP1","predicted (intersection) + predicted (union)"
"MASTL","predicted (union)"
"MAU2","predicted (union)"
"MAVS","predicted (union)"
"MBD3","predicted (intersection) + predicted (union)"
"MBNL1","predicted (intersection) + predicted (union)"
"MBNL3","predicted (union)"
"MBOAT2","predicted (union)"
"MBTD1","predicted (union)"
"MCAT","predicted (union)"
"MCC","predicted (intersection) + predicted (union)"
"MCM8","experimental (all)"
"MCTP2","predicted (union)"
"MDH2","predicted (union)"
"MEAK7","predicted (union)"
"MECP2","predicted (union)"
"MED12","experimental (all)"
"MED7","predicted (union)"
"MEF2D","experimental (all) + predicted (union)"
"METTL22","predicted (union)"
"METTL23","experimental (all)"
"METTL24","predicted (union)"
"MFAP2","predicted (union)"
"MFHAS1","predicted (union)"
"MFNG","predicted (union)"
"MFSD6","predicted (union)"
"MGA","predicted (union)"
"MGAT1","predicted (union)"
"MGMT","predicted (union)"
"MIEF2","predicted (union)"
"MIGA1","predicted (union)"
"MINDY2","predicted (union)"
"MIP","predicted (union)"
"MIS12","predicted (union)"
"MLKL","predicted (union)"
"MMP19","predicted (union)"
"MOCOS","predicted (union)"
"MOCS3","predicted (intersection) + predicted (union)"
"MON1B","experimental (all)"
"MPP3","predicted (union)"
"MPPED1","predicted (union)"
"MRC2","predicted (union)"
"MRE11","predicted (union)"
"MRGBP","predicted (union)"
"MRGPRF","predicted (union)"
"MRPS14","predicted (union)"
"MRPS23","predicted (intersection) + predicted (union)"
"MRPS33","experimental (all)"
"MS4A15","predicted (union)"
"MSANTD1","predicted (union)"
"MSANTD3","predicted (union)"
"MSR1","predicted (union)"
"MSX2","predicted (union)"
"MT-CO2","experimental (all)"
"MT-ND3","experimental (all)"
"MTA3","predicted (union)"
"MTF1","predicted (union)"
"MTG1","predicted (union)"
"MTMR1","predicted (union)"
"MTMR3","experimental (strong) + experimental (all) + predicted (intersection) + predicted (union)"
"MTMR8","predicted (union)"
"MTOR","experimental (strong) + experimental (all)"
"MXRA7","predicted (union)"
"MXRA8","predicted (union)"
"MYADM","predicted (union)"
"MYCBP","predicted (intersection) + predicted (union)"
"MYCBP2","predicted (union)"
"MYL2","experimental (all)"
"MYO9B","predicted (union)"
"MYOM2","predicted (union)"
"MYOZ3","predicted (union)"
"MZF1","predicted (union)"
"N4BP2","experimental (all)"
"N4BP3","predicted (union)"
"N6AMT1","experimental (all) + predicted (union)"
"NAA30","predicted (union)"
"NAIP","predicted (union)"
"NARF","predicted (union)"
"NCAPH","predicted (union)"
"NCMAP","predicted (intersection) + predicted (union)"
"NCOR1","predicted (union)"
"NCS1","predicted (union)"
"NCSTN","predicted (union)"
"NDE1","experimental (all)"
"NDRG1","predicted (union)"
"NDST1","predicted (union)"
"NDUFA10","predicted (union)"
"NDUFA2","experimental (all)"
"NDUFA7","predicted (intersection) + predicted (union)"
"NDUFV3","predicted (union)"
"NEBL","predicted (intersection) + predicted (union)"
"NEFM","predicted (union)"
"NEIL2","predicted (union)"
"NEMP1","predicted (union)"
"NEU1","predicted (union)"
"NEU3","predicted (union)"
"NF1","predicted (union)"
"NFATC1","predicted (union)"
"NFATC4","predicted (union)"
"NFE2L1","experimental (all)"
"NFE2L3","predicted (union)"
"NFIB","predicted (union)"
"NFU1","experimental (all)"
"NFYA","predicted (union)"
"NHLRC2","predicted (union)"
"NHP2","predicted (union)"
"NIBAN1","predicted (union)"
"NIFK","predicted (union)"
"NIP7","predicted (union)"
"NIPAL1","predicted (union)"
"NIPAL2","predicted (union)"
"NIPAL3","predicted (union)"
"NIPBL","predicted (union)"
"NIT1","predicted (union)"
"NKAIN1","predicted (union)"
"NKD1","predicted (union)"
"NKTR","predicted (union)"
"NKX6-2","predicted (union)"
"NLRP2","predicted (union)"
"NOCT","predicted (union)"
"NOL4L","predicted (union)"
"NOL9","predicted (union)"
"NOP2","predicted (union)"
"NOS1","predicted (union)"
"NOTCH1","predicted (union)"
"NOVA2","predicted (union)"
"NOX4","experimental (strong) + experimental (all) + predicted (intersection) + predicted (union)"
"NPC1","predicted (union)"
"NPEPPS","predicted (union)"
"NPHS1","predicted (union)"
"NPM3","experimental (all)"
"NPR3","predicted (union)"
"NR6A1","predicted (intersection) + predicted (union)"
"NRBP2","predicted (union)"
"NRIP3","predicted (union)"
"NSUN3","predicted (union)"
"NT5C1A","predicted (union)"
"NT5DC3","predicted (intersection) + predicted (union)"
"NTN1","predicted (union)"
"NTPCR","predicted (union)"
"NTRK2","predicted (union)"
"NTRK3","predicted (intersection) + predicted (union)"
"NTSR1","predicted (union)"
"NUBPL","predicted (union)"
"NUCKS1","predicted (union)"
"NUDT16","predicted (union)"
"NUDT16L1","predicted (union)"
"NUDT19","predicted (union)"
"NUFIP2","predicted (union)"
"NUP188","predicted (union)"
"NUP62CL","predicted (union)"
"NUTF2","predicted (intersection) + predicted (union)"
"NXF1","predicted (union)"
"NXN","predicted (intersection) + predicted (union)"
"NXPH3","predicted (union)"
"ODF2L","predicted (union)"
"ONECUT2","predicted (union)"
"OPA3","predicted (union)"
"OPN3","predicted (union)"
"OPRM1","predicted (union)"
"ORC5","experimental (all)"
"ORC6","predicted (union)"
"ORMDL1","experimental (all)"
"ORMDL2","predicted (union)"
"OSBP2","predicted (union)"
"OSBPL2","predicted (union)"
"OSTF1","predicted (union)"
"OTUD3","predicted (intersection) + predicted (union)"
"OTULIN","predicted (union)"
"OTULINL","predicted (intersection) + predicted (union)"
"OXNAD1","predicted (union)"
"P2RX1","predicted (union)"
"P2RX5","predicted (union)"
"P2RY11","experimental (all)"
"PABPN1","predicted (union)"
"PADI2","predicted (union)"
"PAFAH1B1","predicted (union)"
"PAFAH1B2","predicted (union)"
"PAG1","predicted (union)"
"PALM","predicted (union)"
"PALM2-AKAP2","predicted (union)"
"PAPLN","predicted (union)"
"PARP15","predicted (union)"
"PARVG","predicted (union)"
"PATE2","predicted (intersection) + predicted (union)"
"PAX2","predicted (union)"
"PAX7","predicted (union)"
"PBX1","predicted (union)"
"PCDH1","predicted (union)"
"PCDH7","predicted (intersection) + predicted (union)"
"PCID2","predicted (union)"
"PCSK7","predicted (union)"
"PCSK9","predicted (intersection) + predicted (union)"
"PCYT1A","predicted (union)"
"PDCD11","predicted (union)"
"PDE10A","predicted (union)"
"PDE11A","predicted (union)"
"PDE2A","predicted (union)"
"PDE9A","predicted (union)"
"PDF","predicted (union)"
"PDK1","predicted (intersection) + predicted (union)"
"PDLIM2","predicted (union)"
"PDLIM4","predicted (union)"
"PDZD8","predicted (intersection) + predicted (union)"
"PER1","predicted (union)"
"PEX11A","predicted (union)"
"PEX5L","predicted (intersection) + predicted (union)"
"PFKFB3","predicted (union)"
"PGAM5","predicted (union)"
"PGAP3","predicted (union)"
"PGP","predicted (union)"
"PGR","predicted (union)"
"PHAX","predicted (union)"
"PHC3","predicted (union)"
"PHF24","predicted (union)"
"PHF6","predicted (union)"
"PHF7","predicted (union)"
"PHLDA3","predicted (union)"
"PHOX2B","predicted (union)"
"PI15","predicted (union)"
"PI4K2A","predicted (union)"
"PIAS2","predicted (union)"
"PIAS4","predicted (union)"
"PIDD1","predicted (union)"
"PIGP","predicted (union)"
"PIK3IP1","predicted (union)"
"PIK3R3","predicted (union)"
"PIMREG","predicted (union)"
"PIP5KL1","predicted (union)"
"PITPNM2","predicted (union)"
"PKIA","predicted (union)"
"PKNOX1","predicted (union)"
"PLA2G5","predicted (union)"
"PLAAT3","predicted (intersection) + predicted (union)"
"PLAGL2","predicted (union)"
"PLBD2","predicted (union)"
"PLEKHB2","predicted (union)"
"PLEKHG4B","predicted (union)"
"PLEKHH1","predicted (union)"
"PLEKHM3","predicted (union)"
"PLPP7","predicted (union)"
"PLPPR4","predicted (intersection) + predicted (union)"
"PLSCR1","experimental (all)"
"PLXNA1","predicted (union)"
"PMFBP1","predicted (union)"
"PNLIPRP3","predicted (intersection) + predicted (union)"
"PNMA8A","predicted (union)"
"PNPLA3","predicted (union)"
"POGK","experimental (all)"
"POLE","predicted (union)"
"POLI","predicted (union)"
"POLM","predicted (union)"
"POLR1A","predicted (union)"
"POM121","predicted (union)"
"POTEI","predicted (union)"
"POU2F1","predicted (union)"
"PPARGC1B","predicted (union)"
"PPFIA3","predicted (union)"
"PPIF","predicted (union)"
"PPIL6","predicted (union)"
"PPM1A","experimental (all)"
"PPM1H","predicted (intersection) + predicted (union)"
"PPP1CB","experimental (all) + predicted (union)"
"PPP1R3F","predicted (union)"
"PPP1R7","predicted (union)"
"PPP2R3B","predicted (union)"
"PQLC1","predicted (union)"
"PRDM1","predicted (union)"
"PRDM2","predicted (union)"
"PRDM6","predicted (intersection) + predicted (union)"
"PRELID2","predicted (union)"
"PREX1","predicted (union)"
"PRKAB2","predicted (union)"
"PRKACB","predicted (union)"
"PRORP","predicted (union)"
"PROSER3","predicted (union)"
"PRPF3","predicted (union)"
"PRPH2","predicted (union)"
"PRR12","predicted (intersection) + predicted (union)"
"PRSS23","predicted (union)"
"PRX","predicted (union)"
"PSMA2","experimental (all)"
"PSMG4","predicted (union)"
"PTCHD3","predicted (union)"
"PTDSS1","predicted (union)"
"PTGES","predicted (union)"
"PTGR2","predicted (union)"
"PTK6","predicted (intersection) + predicted (union)"
"PTPN11","predicted (union)"
"PTPN14","predicted (union)"
"PTPRD","predicted (union)"
"PTPRN2","predicted (intersection) + predicted (union)"
"PUM1","experimental (all)"
"PURG","predicted (union)"
"PWP2","predicted (union)"
"PYGO1","predicted (union)"
"PYROXD1","predicted (union)"
"QSOX1","predicted (union)"
"RAB11FIP3","predicted (union)"
"RAB15","predicted (union)"
"RAB3B","predicted (union)"
"RAB3IP","predicted (union)"
"RAB43","predicted (union)"
"RAB6B","predicted (union)"
"RABL6","predicted (union)"
"RAC1","predicted (union)"
"RAD23A","predicted (union)"
"RAD51C","experimental (all) + predicted (union)"
"RALGAPA2","predicted (union)"
"RANBP10","predicted (union)"
"RAP1B","predicted (intersection) + predicted (union)"
"RAP2B","predicted (union)"
"RAP2C","predicted (union)"
"RAPH1","predicted (union)"
"RARRES2","predicted (union)"
"RARS","experimental (all)"
"RASA2","predicted (union)"
"RASA3","predicted (intersection) + predicted (union)"
"RASAL2","experimental (all)"
"RASGEF1A","predicted (union)"
"RASGRP3","predicted (intersection) + predicted (union)"
"RASSF4","predicted (intersection) + predicted (union)"
"RASSF6","predicted (union)"
"RAVER2","experimental (strong) + experimental (all) + predicted (intersection) + predicted (union)"
"RB1","experimental (all) + predicted (union)"
"RBFA","predicted (intersection) + predicted (union)"
"RBFOX1","predicted (union)"
"RBM19","predicted (intersection) + predicted (union)"
"RBM22","predicted (union)"
"RBM28","predicted (union)"
"RBM7","predicted (union)"
"RBSN","predicted (intersection) + predicted (union)"
"RCBTB1","predicted (intersection) + predicted (union)"
"RCL1","predicted (union)"
"RCN2","experimental (all)"
"RELB","predicted (union)"
"REPS2","predicted (union)"
"RFC2","predicted (union)"
"RFLNB","predicted (union)"
"RHBDL3","predicted (union)"
"RHEBL1","predicted (union)"
"RHOH","predicted (intersection) + predicted (union)"
"RIC8B","predicted (union)"
"RILPL1","predicted (union)"
"RIMBP2","predicted (union)"
"RIMS4","predicted (union)"
"RMND5A","predicted (union)"
"RNASE7","predicted (union)"
"RNF121","predicted (union)"
"RNF144B","predicted (intersection) + predicted (union)"
"RNF149","predicted (intersection) + predicted (union)"
"RNF165","predicted (union)"
"RNF168","predicted (union)"
"RNF187","experimental (all)"
"RNF19B","predicted (union)"
"RNF213","predicted (intersection) + predicted (union)"
"RNF24","predicted (intersection) + predicted (union)"
"RNF40","predicted (union)"
"RNMT","predicted (union)"
"RNPEPL1","predicted (union)"
"RO60","predicted (union)"
"ROPN1","predicted (union)"
"RORB","predicted (union)"
"RORC","predicted (union)"
"RPL36A","experimental (all)"
"RPL37A","experimental (all)"
"RPL7L1","experimental (all)"
"RPL9","predicted (union)"
"RPP30","predicted (union)"
"RPS15","experimental (all)"
"RPS20","predicted (union)"
"RPS21","predicted (union)"
"RPS26","experimental (all)"
"RPS6","experimental (all)"
"RPS6KA2","predicted (union)"
"RPTOR","predicted (intersection) + predicted (union)"
"RRAGD","predicted (intersection) + predicted (union)"
"RRN3","predicted (intersection) + predicted (union)"
"RSL24D1","predicted (union)"
"RSPH10B2","predicted (union)"
"RTL6","predicted (union)"
"RUBCN","predicted (union)"
"RUNDC3B","experimental (all)"
"RUNX1T1","predicted (union)"
"RUNX3","predicted (union)"
"RWDD2B","predicted (union)"
"RYR2","predicted (union)"
"SAE1","predicted (intersection) + predicted (union)"
"SALL2","experimental (all)"
"SALL4","predicted (union)"
"SAMD14","predicted (union)"
"SAMD4A","predicted (union)"
"SAP30BP","predicted (union)"
"SASH3","predicted (union)"
"SATB1","predicted (intersection) + predicted (union)"
"SCAMP2","predicted (union)"
"SCD5","predicted (union)"
"SCML1","predicted (union)"
"SCN2B","predicted (union)"
"SCNN1A","predicted (union)"
"SCNN1G","predicted (intersection) + predicted (union)"
"SCO1","predicted (union)"
"SDK1","predicted (union)"
"SEC13","experimental (all)"
"SELENOI","predicted (union)"
"SEMA4G","predicted (union)"
"SEMA6A","predicted (union)"
"SERINC3","predicted (union)"
"SERPINE1","predicted (union)"
"SETX","predicted (union)"
"SF3B3","predicted (union)"
"SGCB","predicted (union)"
"SGCD","predicted (union)"
"SGPL1","predicted (union)"
"SGPP2","experimental (all)"
"SGSM2","predicted (union)"
"SGTB","predicted (union)"
"SH3BP2","predicted (union)"
"SH3BP4","predicted (union)"
"SH3D19","predicted (union)"
"SH3RF2","predicted (union)"
"SH3RF3","predicted (union)"
"SHC1","predicted (union)"
"SHH","predicted (intersection) + predicted (union)"
"SHLD1","predicted (intersection) + predicted (union)"
"SHOX","predicted (union)"
"SIAE","predicted (intersection) + predicted (union)"
"SIK2","predicted (union)"
"SIRT7","predicted (union)"
"SKI","experimental (all) + predicted (union)"
"SKIDA1","predicted (union)"
"SLC12A2","predicted (intersection) + predicted (union)"
"SLC14A1","predicted (intersection) + predicted (union)"
"SLC17A4","predicted (union)"
"SLC18A1","predicted (union)"
"SLC19A3","predicted (union)"
"SLC24A4","predicted (union)"
"SLC25A38","predicted (union)"
"SLC26A1","predicted (union)"
"SLC26A10","predicted (union)"
"SLC26A7","predicted (union)"
"SLC27A4","predicted (union)"
"SLC29A1","predicted (union)"
"SLC35F1","predicted (union)"
"SLC35F2","predicted (union)"
"SLC38A7","predicted (union)"
"SLC39A1","predicted (union)"
"SLC39A14","predicted (union)"
"SLC43A3","predicted (union)"
"SLC44A1","predicted (intersection) + predicted (union)"
"SLC44A2","predicted (union)"
"SLC4A4","predicted (union)"
"SLC6A7","predicted (union)"
"SLC7A6OS","predicted (union)"
"SLC8A2","predicted (intersection) + predicted (union)"
"SLC9A7","predicted (union)"
"SLCO3A1","predicted (union)"
"SLFN12L","predicted (union)"
"SLITRK3","predicted (union)"
"SLX4IP","predicted (intersection) + predicted (union)"
"SMARCA5","experimental (strong) + experimental (all) + predicted (intersection) + predicted (union)"
"SMARCD1","predicted (union)"
"SMC1A","predicted (union)"
"SMC4","predicted (union)"
"SMPD3","predicted (union)"
"SMPDL3B","experimental (all) + predicted (union)"
"SMURF2","predicted (union)"
"SNORC","predicted (union)"
"SNRNP200","experimental (all)"
"SNRPE","predicted (union)"
"SNX21","predicted (union)"
"SNX8","predicted (union)"
"SNX9","predicted (union)"
"SOBP","predicted (union)"
"SOGA1","predicted (union)"
"SORL1","predicted (intersection) + predicted (union)"
"SOX1","predicted (union)"
"SP140L","predicted (union)"
"SP6","predicted (union)"
"SP7","predicted (union)"
"SP8","predicted (union)"
"SPAG6","predicted (intersection) + predicted (union)"
"SPATA17","predicted (union)"
"SPECC1","predicted (union)"
"SPEN","predicted (union)"
"SPG7","predicted (union)"
"SPIB","predicted (union)"
"SPIRE1","experimental (all)"
"SPOCK2","predicted (union)"
"SPSB1","predicted (union)"
"SPTBN2","predicted (intersection) + predicted (union)"
"SRARP","predicted (union)"
"SRCAP","predicted (union)"
"SRD5A1","predicted (union)"
"SRF","predicted (union)"
"SRFBP1","predicted (union)"
"SRI","predicted (union)"
"SRMS","predicted (intersection) + predicted (union)"
"SRPK1","experimental (all)"
"SRPX2","predicted (union)"
"SRSF10","experimental (all)"
"SRSF3","predicted (intersection) + predicted (union)"
"SSR3","predicted (union)"
"SSR4P1","predicted (union)"
"SSTR1","predicted (union)"
"ST14","predicted (union)"
"ST5","predicted (intersection) + predicted (union)"
"ST6GAL2","predicted (union)"
"ST6GALNAC4","predicted (intersection) + predicted (union)"
"STARD3NL","predicted (intersection) + predicted (union)"
"STAT5B","predicted (intersection) + predicted (union)"
"STEAP4","experimental (all)"
"STK17B","predicted (union)"
"STK24","predicted (union)"
"STK25","predicted (union)"
"STK35","predicted (union)"
"STMN3","predicted (union)"
"STMP1","predicted (union)"
"STRADA","predicted (union)"
"STRIP2","predicted (union)"
"SUDS3","experimental (all)"
"SUGT1","predicted (union)"
"SULF1","predicted (union)"
"SULT4A1","predicted (union)"
"SUSD1","predicted (union)"
"SUV39H2","predicted (union)"
"SV2B","predicted (union)"
"SV2C","predicted (intersection) + predicted (union)"
"SYMPK","predicted (union)"
"SYNCRIP","predicted (union)"
"SYNJ2BP","experimental (all)"
"SYNPO2","predicted (union)"
"SYP","predicted (union)"
"SYT13","predicted (union)"
"SYT7","predicted (union)"
"SZRD1","predicted (union)"
"TADA2B","predicted (union)"
"TAOK1","predicted (intersection) + predicted (union)"
"TAPBP","predicted (union)"
"TARDBP","predicted (intersection) + predicted (union)"
"TASOR","predicted (union)"
"TBC1D16","predicted (intersection) + predicted (union)"
"TBKBP1","predicted (union)"
"TBRG1","predicted (union)"
"TCAF2","predicted (union)"
"TCEA3","predicted (union)"
"TCF19","predicted (intersection) + predicted (union)"
"TCF4","predicted (union)"
"TCTEX1D1","predicted (union)"
"TECPR2","predicted (union)"
"TENM1","predicted (union)"
"TENT4A","predicted (intersection) + predicted (union)"
"TFAM","predicted (intersection) + predicted (union)"
"TFCP2L1","predicted (union)"
"TGFBR2","predicted (union)"
"THAP1","predicted (union)"
"THAP2","predicted (intersection) + predicted (union)"
"THAP6","predicted (union)"
"THRA","predicted (union)"
"THRAP3","predicted (union)"
"THY1","predicted (union)"
"TIFA","predicted (union)"
"TIGD6","predicted (union)"
"TIGIT","predicted (union)"
"TIMM10B","predicted (union)"
"TIMM8A","predicted (union)"
"TK2","predicted (union)"
"TLE3","predicted (union)"
"TLK2","predicted (union)"
"TMC2","predicted (union)"
"TMC7","predicted (union)"
"TMEM106B","predicted (union)"
"TMEM11","predicted (union)"
"TMEM120B","predicted (union)"
"TMEM134","predicted (union)"
"TMEM135","predicted (union)"
"TMEM161B","predicted (intersection) + predicted (union)"
"TMEM184A","predicted (union)"
"TMEM186","predicted (intersection) + predicted (union)"
"TMEM200B","predicted (union)"
"TMEM200C","predicted (union)"
"TMEM209","experimental (all)"
"TMEM231","predicted (intersection) + predicted (union)"
"TMEM236","predicted (union)"
"TMEM255B","predicted (union)"
"TMEM30A","experimental (all) + predicted (union)"
"TMEM72","predicted (union)"
"TMEM87B","predicted (intersection) + predicted (union)"
"TMPRSS13","predicted (intersection) + predicted (union)"
"TMPRSS9","predicted (union)"
"TNFAIP8","predicted (intersection) + predicted (union)"
"TNFAIP8L1","predicted (intersection) + predicted (union)"
"TNFRSF13C","predicted (intersection) + predicted (union)"
"TNRC6B","experimental (all)"
"TOGARAM2","predicted (union)"
"TOM1L2","predicted (union)"
"TOMM22","experimental (all)"
"TOMM40","predicted (union)"
"TOR1A","predicted (union)"
"TOR2A","predicted (union)"
"TP73","predicted (union)"
"TPD52L2","predicted (union)"
"TPO","predicted (union)"
"TPPP","predicted (union)"
"TPPP3","experimental (all)"
"TRAF1","predicted (union)"
"TRAF3","predicted (union)"
"TRAK1","predicted (union)"
"TRAM2","predicted (union)"
"TRAPPC9","predicted (union)"
"TRIB1","experimental (all) + predicted (union)"
"TRIB2","experimental (strong) + experimental (all) + predicted (intersection) + predicted (union)"
"TRIM2","predicted (union)"
"TRIM32","predicted (union)"
"TRIM38","predicted (union)"
"TRIM41","predicted (union)"
"TRIM44","predicted (intersection) + predicted (union)"
"TRIM45","predicted (union)"
"TRIM54","predicted (union)"
"TRIM7","predicted (union)"
"TRIM71","predicted (intersection) + predicted (union)"
"TRIP13","predicted (union)"
"TRMO","predicted (intersection) + predicted (union)"
"TRMT10C","predicted (union)"
"TSHZ3","predicted (union)"
"TSPAN11","predicted (union)"
"TSPAN14","predicted (intersection) + predicted (union)"
"TSPAN15","predicted (union)"
"TSPAN17","predicted (union)"
"TSPYL2","predicted (union)"
"TSPYL4","predicted (union)"
"TTC1","predicted (union)"
"TTC22","predicted (union)"
"TTC3","predicted (union)"
"TTC30A","predicted (intersection) + predicted (union)"
"TTC37","predicted (union)"
"TTC38","experimental (all) + predicted (union)"
"TTC39A","predicted (intersection) + predicted (union)"
"TTLL7","predicted (union)"
"TTYH3","predicted (union)"
"TUBG1","experimental (all)"
"TUBGCP3","predicted (union)"
"TULP4","predicted (union)"
"TUSC3","predicted (union)"
"TXK","predicted (union)"
"TYMS","experimental (all)"
"UBA2","experimental (all)"
"UBB","experimental (all)"
"UBD","predicted (union)"
"UBE2G1","predicted (union)"
"UBE2I","predicted (union)"
"UBE3B","predicted (union)"
"UBE4A","predicted (union)"
"UBXN10","predicted (union)"
"UCKL1","predicted (union)"
"UGCG","predicted (intersection) + predicted (union)"
"UGGT1","predicted (union)"
"UHRF1BP1","predicted (union)"
"UHRF1BP1L","predicted (union)"
"UMODL1","predicted (union)"
"UNC45B","predicted (intersection) + predicted (union)"
"UPK3BL1","predicted (union)"
"UQCC2","predicted (union)"
"UQCR10","experimental (all) + predicted (union)"
"UQCRFS1","predicted (union)"
"URB1-AS1","predicted (union)"
"URM1","predicted (union)"
"UROS","predicted (union)"
"USP1","predicted (union)"
"USP3","predicted (union)"
"USP35","predicted (union)"
"USP4","predicted (intersection) + predicted (union)"
"USP51","predicted (union)"
"UST","predicted (union)"
"UTP4","experimental (all)"
"VAPA","predicted (union)"
"VAPB","predicted (union)"
"VASN","predicted (union)"
"VAX1","predicted (union)"
"VENTX","predicted (union)"
"VHL","predicted (union)"
"VLDLR","predicted (union)"
"VNN1","predicted (intersection) + predicted (union)"
"VPS45","experimental (all)"
"VSTM5","predicted (union)"
"VTA1","predicted (union)"
"VWA1","predicted (union)"
"WARS","predicted (union)"
"WBP11","predicted (intersection) + predicted (union)"
"WDR1","predicted (union)"
"WDR20","predicted (intersection) + predicted (union)"
"WDR55","predicted (union)"
"WDR76","predicted (union)"
"WFIKKN2","predicted (union)"
"WHAMM","experimental (all) + predicted (union)"
"WIPF2","predicted (union)"
"WNT2B","predicted (union)"
"WNT5B","predicted (union)"
"WNT7B","predicted (union)"
"WWC3","predicted (intersection) + predicted (union)"
"WWP2","predicted (union)"
"XIRP1","predicted (union)"
"XKR4","predicted (union)"
"XKR7","predicted (intersection) + predicted (union)"
"XRRA1","predicted (union)"
"XXYLT1","predicted (union)"
"YIPF6","predicted (union)"
"YPEL1","predicted (union)"
"ZADH2","predicted (intersection) + predicted (union)"
"ZBED1","predicted (union)"
"ZBTB26","predicted (union)"
"ZBTB37","predicted (union)"
"ZBTB4","experimental (all) + predicted (union)"
"ZBTB7A","predicted (union)"
"ZBTB7B","predicted (union)"
"ZC3H10","predicted (intersection) + predicted (union)"
"ZC3HAV1","predicted (union)"
"ZCCHC12","predicted (intersection) + predicted (union)"
"ZCCHC2","predicted (union)"
"ZCCHC4","predicted (union)"
"ZDHHC18","predicted (union)"
"ZFAND2A","predicted (union)"
"ZFAT","predicted (intersection) + predicted (union)"
"ZFP37","predicted (union)"
"ZFX","predicted (union)"
"ZFYVE19","predicted (intersection) + predicted (union)"
"ZKSCAN2","predicted (union)"
"ZKSCAN3","predicted (union)"
"ZNF101","predicted (union)"
"ZNF106","predicted (union)"
"ZNF124","predicted (union)"
"ZNF132","predicted (union)"
"ZNF141","predicted (union)"
"ZNF146","predicted (union)"
"ZNF155","predicted (union)"
"ZNF169","predicted (intersection) + predicted (union)"
"ZNF19","predicted (intersection) + predicted (union)"
"ZNF197","predicted (intersection) + predicted (union)"
"ZNF254","predicted (union)"
"ZNF280D","predicted (intersection) + predicted (union)"
"ZNF317","predicted (union)"
"ZNF346","predicted (union)"
"ZNF354B","predicted (union)"
"ZNF367","experimental (all)"
"ZNF396","predicted (union)"
"ZNF417","predicted (union)"
"ZNF430","predicted (union)"
"ZNF451","predicted (union)"
"ZNF480","predicted (union)"
"ZNF483","predicted (intersection) + predicted (union)"
"ZNF496","predicted (union)"
"ZNF510","predicted (union)"
"ZNF554","predicted (intersection) + predicted (union)"
"ZNF576","predicted (union)"
"ZNF587B","predicted (union)"
"ZNF607","predicted (union)"
"ZNF609","predicted (union)"
"ZNF618","predicted (union)"
"ZNF652","predicted (union)"
"ZNF701","predicted (union)"
"ZNF704","predicted (union)"
"ZNF713","predicted (union)"
"ZNF738","predicted (union)"
"ZNF75A","predicted (union)"
"ZNF778","predicted (union)"
"ZNF784","predicted (union)"
"ZNF793","predicted (union)"
"ZNF827","predicted (union)"
"ZNF829","predicted (union)"
"ZNF831","predicted (union)"
"ZNF845","predicted (intersection) + predicted (union)"
"ZNF99","predicted (union)"
"ZNRF2","predicted (union)"
"ZYG11A","predicted (union)"
"ZZEF1","predicted (intersection) + predicted (union)"